URL,Dernière exploration
https://routervia.com/about,1970-01-01
https://routervia.com/assistant,1970-01-01
https://routervia.com/asus-router-keeps-restarting,1970-01-01
https://routervia.com/asus-router-red-light,1970-01-01
https://routervia.com/best-dns-for-faster-internet,1970-01-01
https://routervia.com/best-dns-for-gaming,1970-01-01
https://routervia.com/best-dns-for-ps5,1970-01-01
https://routervia.com/best-dns-for-xbox,1970-01-01
https://routervia.com/best-router-settings-for-gaming,1970-01-01
https://routervia.com/check-my-ip,1970-01-01
https://routervia.com/contact,1970-01-01
https://routervia.com/disclaimer,1970-01-01
https://routervia.com/dns-lookup,1970-01-01
https://routervia.com/dns-propagation-checker,1970-01-01
https://routervia.com/dns-server-not-responding,1970-01-01
https://routervia.com/ethernet-slower-than-wifi,1970-01-01
https://routervia.com/how-to-change-dns-on-router,1970-01-01
https://routervia.com/how-to-improve-wifi-signal,1970-01-01
https://routervia.com/internet-connected-no-access,1970-01-01
https://routervia.com/ips/10-0-0-1,1970-01-01
https://routervia.com/ips/10-0-0-138,1970-01-01
https://routervia.com/ips/192-168-0-1,1970-01-01
https://routervia.com/ips/192-168-0-254,1970-01-01
https://routervia.com/ips/192-168-1-1,1970-01-01
https://routervia.com/ips/192-168-1-254,1970-01-01
https://routervia.com/ips/192-168-100-1,1970-01-01
https://routervia.com/ips/192-168-8-1,1970-01-01
https://routervia.com/mac-address-lookup,1970-01-01
https://routervia.com/minecraft-port-forwarding,1970-01-01
https://routervia.com/modem-online-light-blinking,1970-01-01
https://routervia.com/my-ip,1970-01-01
https://routervia.com/nat-type-checker,1970-01-01
https://routervia.com/port-checker,1970-01-01
https://routervia.com/port-forwarding-guide,1970-01-01
https://routervia.com/privacy-policy,1970-01-01
https://routervia.com/problems,1970-01-01
https://routervia.com/ps5-nat-type-fix,1970-01-01
https://routervia.com/public-ip-checker,1970-01-01
https://routervia.com/router-blinking-orange,1970-01-01
https://routervia.com/router-login-not-working,1970-01-01
https://routervia.com/router-not-detecting-wan,1970-01-01
https://routervia.com/routers,1970-01-01
https://routervia.com/routers/asus,1970-01-01
https://routervia.com/routers/d-link,1970-01-01
https://routervia.com/routers/huawei,1970-01-01
https://routervia.com/routers/linksys,1970-01-01
https://routervia.com/routers/mercusys,1970-01-01
https://routervia.com/routers/netgear,1970-01-01
https://routervia.com/routers/tenda,1970-01-01
https://routervia.com/routers/tp-link,1970-01-01
https://routervia.com/routers/xiaomi,1970-01-01
https://routervia.com/routers/zte,1970-01-01
https://routervia.com/slow-wifi-after-update,1970-01-01
https://routervia.com/subnet-calculator,1970-01-01
https://routervia.com/terms-of-service,1970-01-01
https://routervia.com/tools,1970-01-01
https://routervia.com/tools/dns-checker,1970-01-01
https://routervia.com/tools/ip-checker,1970-01-01
https://routervia.com/tools/password-generator,1970-01-01
https://routervia.com/tools/ping-test,1970-01-01
https://routervia.com/tools/port-checker,1970-01-01
https://routervia.com/tools/speed-test,1970-01-01
https://routervia.com/tools/wifi-qr,1970-01-01
https://routervia.com/tp-link-login-not-working,1970-01-01
https://routervia.com/tp-link-router-keeps-disconnecting,1970-01-01
https://routervia.com/what-is-my-ip,1970-01-01
https://routervia.com/why-is-my-router-so-slow,1970-01-01
https://routervia.com/wifi-connected-but-no-internet-phone,1970-01-01
https://routervia.com/wifi-keeps-disconnecting,1970-01-01
https://routervia.com/xbox-nat-type-open,1970-01-01