Pages les plus populaires,Clics,Impressions,CTR,Position
https://routervia.com/ethernet-connected-but-no-internet,1,42,2.38%,26.02
https://routervia.com/routers/huawei/huawei-hg8145v5,1,9,11.11%,13.22
https://routervia.com/problems/netgear-tftp-firmware-recovery,1,7,14.29%,37
https://routervia.com/,0,685,0%,51.22
https://routervia.com/packet-loss-test,0,257,0%,77.72
https://routervia.com/best-dns-for-faster-internet,0,153,0%,76.48
https://routervia.com/default-gateway-not-available,0,103,0%,32.71
https://routervia.com/double-nat-detected,0,88,0%,21.01
https://routervia.com/router-not-assigning-ip-addresses,0,55,0%,10.91
https://routervia.com/problems/another-device-is-using-this-ip-address,0,47,0%,59.87
https://routervia.com/routers/huawei,0,46,0%,21.76
https://routervia.com/mac-address-lookup,0,45,0%,74.8
https://routervia.com/dns-server-not-responding,0,41,0%,80.78
https://routervia.com/problems/google-nest-wifi-point-flashing-yellow,0,38,0%,12.61
https://routervia.com/routers/asus,0,28,0%,26.21
https://routervia.com/best-dns-for-ps5,0,27,0%,15.37
https://routervia.com/problems/windows-ip-address-conflict-detected,0,25,0%,70.4
https://routervia.com/port-forwarding-not-working,0,19,0%,39.37
https://routervia.com/problems/verizon-fios-dns-resolution-failed,0,19,0%,40.42
https://routervia.com/routers/huawei/huawei-hg8145v5/setup,0,18,0%,10.28
https://routervia.com/subnet-calculator,0,16,0%,89.56
https://routervia.com/tp-link-login-not-working,0,12,0%,20.67
https://routervia.com/routers/d-link/d-link-dir-825/setup,0,12,0%,32.75
https://routervia.com/routers/huawei/huawei-ax3/setup,0,11,0%,11.55
https://routervia.com/ips/192-168-1-1,0,10,0%,58.2
https://routervia.com/bufferbloat-test,0,9,0%,8.33
https://routervia.com/gaming-jitter-fix,0,9,0%,9.11
https://routervia.com/open-nat-type,0,9,0%,48
https://routervia.com/best-router-settings-for-gaming,0,7,0%,13
https://routervia.com/tools/password-generator,0,7,0%,66.57
https://routervia.com/tools/ping-test,0,6,0%,69.5
https://routervia.com/dns-lookup,0,6,0%,86.17
https://routervia.com/tools/speed-test,0,6,0%,88.5
https://routervia.com/problems/router-dhcp-pool-exhaustion,0,5,0%,4.4
https://routervia.com/routers/d-link/dir-842,0,5,0%,7.4
https://routervia.com/problems/tp-link-deco-red-light-no-internet,0,5,0%,17.2
https://routervia.com/routers/asus/rt-ax88u/reset,0,5,0%,32.4
https://routervia.com/tools/dns-checker,0,5,0%,75.2
https://routervia.com/routers/asus/asus-rt-ax55,0,4,0%,7.75
https://routervia.com/problems/asus-firmware-recovery-mode,0,4,0%,18.75
https://routervia.com/problems/at-t-dns-server-down,0,4,0%,30
https://routervia.com/problems/spectrum-dns-server-issues,0,4,0%,39.25
https://routervia.com/dns-probe-finished-no-internet,0,4,0%,60.75
https://routervia.com/wifi-6-for-gaming,0,3,0%,3
https://routervia.com/problems/optimum-dns-probe-finished-no-internet,0,3,0%,6
https://routervia.com/routers/huawei/huawei-ax3,0,3,0%,8.33
https://routervia.com/problems/5ghz-wifi-missing,0,3,0%,12.67
https://routervia.com/problems/router-blinking-orange,0,3,0%,14.67
https://routervia.com/problems,0,3,0%,51.67
https://routervia.com/ips/192-168-0-1,0,3,0%,62.33
https://routervia.com/wifi-keeps-disconnecting,0,3,0%,68.33
https://routervia.com/check-my-ip,0,2,0%,3
https://routervia.com/latest?page=3,0,2,0%,4
https://routervia.com/problems/dns-not-resolving,0,2,0%,4.5
https://routervia.com/router-reset,0,2,0%,4.5
https://routervia.com/routers/d-link/dir-842/reset,0,2,0%,5.5
https://routervia.com/routers/tp-link,0,2,0%,7.5
https://routervia.com/routers/tp-link/tp-link-ax73,0,2,0%,7.5
https://routervia.com/how-to-improve-wifi-signal,0,2,0%,8.5
https://routervia.com/routers/huawei/huawei-hg8145v5/login,0,2,0%,9.5
https://routervia.com/problems/eero-mesh-node-offline,0,2,0%,11.5
https://routervia.com/powerline-adapter-for-gaming,0,2,0%,15.5
https://routervia.com/ips,0,2,0%,32.5
https://routervia.com/problems/crowded-wifi-channel-overlap,0,2,0%,39.5
https://routervia.com/routers/asus/rt-ax88u,0,2,0%,43
https://routervia.com/routers/tp-link/tp-link-archer-c6,0,2,0%,43.5
https://routervia.com/problems/netgear-orbi-satellite-disconnected,0,2,0%,45
https://routervia.com/problems/router-not-assigning-ip-addresses,0,2,0%,60
https://routervia.com/what-is-my-ip,0,2,0%,87
https://routervia.com/tools/port-checker,0,2,0%,94.5
https://routervia.com/port-checker,0,2,0%,95
https://routervia.com/routers/huawei/huawei-ax3/login,0,1,0%,4
https://routervia.com/latest?page=2,0,1,0%,5
https://routervia.com/routers/huawei/huawei-ax3/reset,0,1,0%,8
https://routervia.com/gaming-switch-vs-router,0,1,0%,9
https://routervia.com/problems/tp-link-firmware-upgrade-failed,0,1,0%,9
https://routervia.com/routers/huawei/huawei-hg8145v5/reset,0,1,0%,9
https://routervia.com/routers/tp-link/tp-link-ax73/setup,0,1,0%,9
https://routervia.com/problems?category=IP Address Conflict,0,1,0%,10
https://routervia.com/routers/d-link/dir-842/setup,0,1,0%,11
https://routervia.com/how-to-find-router-ip-address,0,1,0%,14
https://routervia.com/problems/mesh-network-node-not-syncing,0,1,0%,18
https://routervia.com/routers/zte,0,1,0%,26
https://routervia.com/latest,0,1,0%,35
https://routervia.com/routers/xiaomi,0,1,0%,43
https://routervia.com/problems/router-login-page-not-opening,0,1,0%,46
https://routervia.com/routers/d-link/d-link-dir-825/reset,0,1,0%,47
https://routervia.com/router-login-not-working,0,1,0%,56
https://routervia.com/routers/huawei/hg8245h5,0,1,0%,57