Requêtes les plus fréquentes,Clics,Impressions,CTR,Position
username password hg8145v5,1,1,100%,1
huawei router login,0,22,0%,21.73
packet loss test,0,20,0%,79.35
fastest secure dns servers,0,13,0%,74.62
incorrect psk provided for network ssid,0,12,0%,76.5
best dns solutions,0,11,0%,71.18
"""private ip ranges"" -site:reddit.com -site:twitter.com -site:x.com 
-site:wykop.pl -site:tripadvisor.com -site:youtube.com -site:yelp.com 
-site:booking.com -site:facebook.com -site:instagram.com -site:tiktok.com",0,10,0%,4.5
test packet loss,0,10,0%,80.4
ip conflict issue,0,8,0%,67.5
fastest dns,0,7,0%,77
packet loss tester,0,7,0%,77.71
best dns,0,6,0%,70
best secure dns,0,6,0%,73.67
internet packet loss test,0,6,0%,78.5
dns fout oplossen,0,6,0%,81.83
packet loss,0,6,0%,86.33
huawei router ip,0,5,0%,14
default gateway not available,0,5,0%,44.2
192.168 9.1,0,5,0%,51.8
dovado router login,0,5,0%,64.2
wifi packet loss test,0,5,0%,65.8
ping loss test,0,5,0%,74.8
check internet packet loss,0,5,0%,76.8
snabb dns,0,5,0%,77
best secure dns provider,0,5,0%,79
packet loss check,0,5,0%,79.8
asus router ip,0,4,0%,13.5
ethernet connected but no internet,0,4,0%,28.5
192.168 30.1,0,4,0%,36.75
default gateway is not available,0,4,0%,43.5
tlv-11 - unrecognized oid,0,4,0%,43.75
192.168 9,0,4,0%,44.75
dns probe finished no internet,0,4,0%,60.75
wmm no acknowledgement,0,4,0%,62.5
isp packet loss test,0,4,0%,67.25
check packet loss internet,0,4,0%,73.5
lost packets test,0,4,0%,74.25
testing packet loss,0,4,0%,74.75
loss test internet,0,4,0%,75.25
best dns provider,0,4,0%,77.25
lost packet test,0,4,0%,77.25
checking for packet loss,0,4,0%,78.5
test my packet loss,0,4,0%,78.5
loss packet test,0,4,0%,79.5
testing for packet loss,0,4,0%,79.5
test internet packet loss,0,4,0%,80
check packet loss,0,4,0%,81.25
best dns server,0,4,0%,82
check for packet loss,0,4,0%,83.75
isp packet loss and delay test,0,4,0%,84.75
packet loss troubleshooting,0,4,0%,84.75
resolve dns issues,0,4,0%,87
best dns servers,0,4,0%,87.75
best primary and secondary dns,0,4,0%,92.25
"upstream nat detected. port forwarding and direct remote access may be 
unavailable.",0,3,0%,9
asus router login,0,3,0%,22.33
double nat xbox one,0,3,0%,27
ipconfig no default gateway,0,3,0%,33.67
192.168 0.182,0,3,0%,38.33
192.168.0..9,0,3,0%,41
how to fix double nat,0,3,0%,48
the default gateway is not available,0,3,0%,48.67
cisco spvtg,0,3,0%,50
double nat detected,0,3,0%,51.33
192.168 0.2,0,3,0%,52
192.168 2.0,0,3,0%,53
10.0 0.0 2,0,3,0%,56.33
192.1688,0,3,0%,57.67
zrlogin cn,0,3,0%,60.33
ip address conflict,0,3,0%,62.67
air4920 local,0,3,0%,64
faster dns,0,3,0%,67.67
speed test lost packets,0,3,0%,69.33
enable wifi verbose logging,0,3,0%,70.33
mac identifier,0,3,0%,73.33
wireless router page,0,3,0%,74
loss test,0,3,0%,74.33
packet loss internet test,0,3,0%,75
dns server best,0,3,0%,75.33
router management,0,3,0%,75.33
internet test packet loss,0,3,0%,75.67
wifi verbose logging,0,3,0%,76.33
packets loss test,0,3,0%,78
loss packets test,0,3,0%,78.33
packet loss online test,0,3,0%,78.67
dropping packets test,0,3,0%,79.33
mac address lookup,0,3,0%,79.33
mac lookup,0,3,0%,79.33
measuring packet loss,0,3,0%,79.33
packet loss checker,0,3,0%,79.33
packets lost test,0,3,0%,79.33
best secondary dns,0,3,0%,79.67
internet dropped packets test,0,3,0%,79.67
check my packet loss,0,3,0%,80
network test packet loss,0,3,0%,80
test packet drop,0,3,0%,80
best dns for wifi,0,3,0%,81
online packet loss test,0,3,0%,81
test network packet loss,0,3,0%,81
test for lost packets,0,3,0%,82.33
dns not resolving,0,3,0%,85.33
test internet for packet loss,0,3,0%,93.33
subnet mask calculator,0,3,0%,93.67
how to fix slow dns lookup,0,3,0%,95.33
best dns settings ps5,0,2,0%,9
double nat xbox,0,2,0%,26
default gateway is blank,0,2,0%,29
recover me wifi,0,2,0%,29
192.168.2..6,0,2,0%,29.5
ethernet no internet,0,2,0%,29.5
primary dns ps5,0,2,0%,29.5
192.168 91,0,2,0%,30.5
ethernet says connected but no internet,0,2,0%,30.5
hauwei router login,0,2,0%,31
pinhole conflict detected,0,2,0%,32
20.0.0.1 pause,0,2,0%,34
ethernet cable connected but no internet,0,2,0%,35
192.168.1..48,0,2,0%,35.5
192.168.209,0,2,0%,37.5
192.168.91,0,2,0%,37.5
ethernet active but no internet,0,2,0%,37.5
fidium router ip address,0,2,0%,38.5
192.168 0.14,0,2,0%,40
default gateway is not available windows 10,0,2,0%,40
d-link router configuration,0,2,0%,40.5
192.168 99.1,0,2,0%,41
the default gateway is not available ethernet,0,2,0%,41.5
no default gateway,0,2,0%,42
ports not opening after forwarding,0,2,0%,44
exos router login,0,2,0%,45.5
adsl packet loss test,0,2,0%,48.5
tlv 11 unrecognized oid,0,2,0%,48.5
another device on the network is using your ip,0,2,0%,50
192.168.1.1 login,0,2,0%,52
192.168 1.4 8000,0,2,0%,55
tlv-11 - unrecognized,0,2,0%,55
10.0 0.25 login,0,2,0%,55.5
evo charji login ip address,0,2,0%,55.5
mac add finder,0,2,0%,60.5
generator password wifi,0,2,0%,62
inteno router login,0,2,0%,63.5
routerpassview,0,2,0%,64
can't reach the default gateway,0,2,0%,65
wifi wachtwoord generator,0,2,0%,65.5
mejores dns,0,2,0%,67
zrlogin,0,2,0%,67.5
port forwarding connection refused,0,2,0%,68
dns error,0,2,0%,69.5
check for ip conflicts,0,2,0%,71
open the nat,0,2,0%,71
dsl packet loss test,0,2,0%,72
whois mac,0,2,0%,72.5
dns server fast,0,2,0%,73
mac oui vendor lookup,0,2,0%,73
dns fout,0,2,0%,74
best dns servers recommended list,0,2,0%,74.5
packetloss tester,0,2,0%,74.5
best dns to bypass isp,0,2,0%,75.5
dns internet speed,0,2,0%,75.5
router configuration page,0,2,0%,76
internet speed test packet loss,0,2,0%,77
ip address conflict windows xp,0,2,0%,77
test loss internet,0,2,0%,77
routers settings,0,2,0%,77.5
test for packet loss,0,2,0%,77.5
best dns address,0,2,0%,78
mac address search,0,2,0%,78.5
dns server problem,0,2,0%,79
test lost packets,0,2,0%,80
fast dns numbers,0,2,0%,80.5
ip packet loss test,0,2,0%,80.5
packetlosstest.com,0,2,0%,80.5
fastest dns servers,0,2,0%,81.5
packet loss testing tool,0,2,0%,81.5
dropped packets test,0,2,0%,82
network packet loss test,0,2,0%,82
packet drop test,0,2,0%,82
packet loss testing,0,2,0%,82
how to check packet data loss,0,2,0%,82.5
best dns nameservers,0,2,0%,83
check for lost packets,0,2,0%,83.5
packet loss tool,0,2,0%,83.5
fast dns server,0,2,0%,84
packet loss rate test,0,2,0%,84
acquiring network address,0,2,0%,84.5
dns servers,0,2,0%,84.5
website for router,0,2,0%,84.5
check mac address,0,2,0%,85.5
troubleshooting network packet loss,0,2,0%,85.5
dns probleem,0,2,0%,86
router logging,0,2,0%,86.5
most popular dns servers,0,2,0%,87
best dns numbers,0,2,0%,89
check my dns,0,2,0%,91
dns lookup,0,2,0%,91.5
what is the best dns,0,2,0%,91.5
internet speed latency test,0,2,0%,93
ip packet loss and delay test,0,2,0%,93.5
mac address find,0,2,0%,95.5
hg8145v5 admin password,0,1,0%,1
via router,0,1,0%,3
hg8145v5 telecomadmin password,0,1,0%,4
msftconnecttest,0,1,0%,4
8.8.8.8 not working,0,1,0%,5
google wifi blinking yellow,0,1,0%,5
tplinkwifi.net,0,1,0%,5
huawei wifi ax3 default admin password,0,1,0%,7
rt-ax55 default password,0,1,0%,8
tplinkwifi net,0,1,0%,8
isp’s default gateway is unreachable,0,1,0%,9
1.1.1.1 your device could not establish a connection,0,1,0%,10
192.168.2..9,0,1,0%,10
dns ps5 settings,0,1,0%,10
google router blinking yellow,0,1,0%,10
ps5 best dns settings,0,1,0%,10
upstream nat detected,0,1,0%,10
hg8145v5,0,1,0%,11
huawei 5g router login,0,1,0%,11
nest flashing yellow light,0,1,0%,11
upstream nat detected on wan1,0,1,0%,11
best ps5 dns settings,0,1,0%,12
"isp network diagnostics speed test results data model fields download 
upload latency packet loss",0,1,0%,12
my gateway ip,0,1,0%,14
ip address for asus router,0,1,0%,17
ps5 google dns,0,1,0%,17
router ip huawei,0,1,0%,18
ip router huawei,0,1,0%,20
voice service status port1:the voice network connection is abnormal.,0,1,0%,20
deauth_ind,0,1,0%,23
how to fix double nat xbox one,0,1,0%,23
ip address huawei modem,0,1,0%,23
router login huawei,0,1,0%,23
xbox double nat detected,0,1,0%,23
asus modem router login,0,1,0%,24
nest wifi pro flashing yellow,0,1,0%,24
ps5 dns settings,0,1,0%,24
sending notification of assignment failure,0,1,0%,24
xbox one double nat detected,0,1,0%,24
asus ip address,0,1,0%,25
no response from gateway for 1st packet,0,1,0%,25
best dns for ps5,0,1,0%,26
default asus router password,0,1,0%,26
ps5 best dns,0,1,0%,26
zte router login,0,1,0%,26
connected to ethernet but no internet,0,1,0%,27
router huawei ip address,0,1,0%,27
asus wireless router login,0,1,0%,28
ethernet is connected but no internet,0,1,0%,28
oui of mac address,0,1,0%,28
default gateway missing,0,1,0%,29
xbox series x double nat,0,1,0%,29
192.168 0.155,0,1,0%,30
192.168 9.9,0,1,0%,30
asus login router,0,1,0%,30
ethernet network no internet,0,1,0%,30
local management via https is disabled. please access the device via http,0,1,0%,30
recover.me wifi,0,1,0%,30
192.168.0182,0,1,0%,31
gateway not reachable,0,1,0%,31
tp link unsupported browser,0,1,0%,31
192.168 1.48,0,1,0%,32
vrf specified does not match existing router,0,1,0%,32
192.168.238,0,1,0%,33
config file rejected due to invalid or unexpected tlv 11,0,1,0%,33
double nat fix,0,1,0%,33
google nest wifi flashing yellow,0,1,0%,33
huawei wifi ax3 manual,0,1,0%,33
tplinkwifi net not working,0,1,0%,33
d link wifi setup,0,1,0%,34
double nat type xbox,0,1,0%,34
google nest wifi blinking yellow,0,1,0%,34
huawei router ip address,0,1,0%,34
why does ethernet say no internet,0,1,0%,34
asus router login password,0,1,0%,35
huawei router admin login,0,1,0%,35
incorrect default gateway,0,1,0%,35
no default gateway in ipconfig,0,1,0%,35
xbox double nat,0,1,0%,35
double nat detected xbox,0,1,0%,36
google nest router yellow light,0,1,0%,36
nat doppio rilevato,0,1,0%,36
192.168.0..31,0,1,0%,37
192.168.0144,0,1,0%,37
192.168.225,0,1,0%,37
another device on network is using ip,0,1,0%,38
192 .168.0.9,0,1,0%,39
192.168 7.2,0,1,0%,39
192.168.137.123(,0,1,0%,39
d link router setup,0,1,0%,39
gateway not available,0,1,0%,39
gateway unreachable,0,1,0%,39
hikvisionwifi local,0,1,0%,39
192.168.0.110.3000,0,1,0%,40
192.168.025,0,1,0%,40
192.168.384,0,1,0%,40
standard gateway är inte tillgänglig,0,1,0%,40
telia router ip address,0,1,0%,40
192.168 137.1,0,1,0%,41
192.168.1238,0,1,0%,41
192.168.9,0,1,0%,41
default gateway not available constantly,0,1,0%,41
default gateway not showing in ipconfig,0,1,0%,41
how to get rid of double nat,0,1,0%,41
how to turn off double nat,0,1,0%,41
huawei hg8145v5 login,0,1,0%,41
port1:the voice network connection is abnormal,0,1,0%,41
172.16 0.1 8090,0,1,0%,42
192.168 0.118,0,1,0%,42
192.168 140,0,1,0%,42
192.168 ll asus router login,0,1,0%,42
192168.0.2,0,1,0%,42
huawei modem ip address,0,1,0%,42
192.168 0 20,0,1,0%,43
192.168 1.188,0,1,0%,43
192.168 251.1,0,1,0%,43
192.168.0..25,0,1,0%,43
192.168.298,0,1,0%,43
mi router login,0,1,0%,43
one click diagnosis wifi,0,1,0%,43
tplinklogin net não entra,0,1,0%,43
192.168 0.130,0,1,0%,44
192.168 1.37,0,1,0%,44
ax3000 default password,0,1,0%,44
default gateway blank,0,1,0%,44
ip wifi huawei,0,1,0%,44
udhcp 1.22.1,0,1,0%,44
10.0 0.20 login,0,1,0%,45
192.168.091,0,1,0%,45
another device on your network is using your ip address,0,1,0%,45
asus wifi login,0,1,0%,45
default gateway not found,0,1,0%,45
huawei hg8145v5,0,1,0%,45
192.168 0.256,0,1,0%,46
192.168 1.52,0,1,0%,46
192.168 145,0,1,0%,46
192.168 6,0,1,0%,46
the default gateway not available,0,1,0%,46
unrecognized oid,0,1,0%,46
192.168.0..202,0,1,0%,47
192.168.26.1.8000,0,1,0%,47
another device is using your ip address,0,1,0%,47
d link router configure,0,1,0%,47
how to reset d-link router,0,1,0%,47
http 192.168 l 9.1 login,0,1,0%,47
ip address already in use,0,1,0%,47
netplus ip address,0,1,0%,47
ping 192.168.0.9,0,1,0%,47
192.168 'll asus router login,0,1,0%,48
192.168.8000,0,1,0%,48
can t reach the default gateway,0,1,0%,48
how to detect double nat,0,1,0%,48
mw40 home login,0,1,0%,48
192.168 0.140,0,1,0%,49
192.168 0.9,0,1,0%,49
10.5 48.1 login,0,1,0%,50
192.168 0.59,0,1,0%,50
192.168 9 1,0,1,0%,50
192.168 9.2,0,1,0%,50
192.168.223.1(unsafe),0,1,0%,50
archer ax20 default password,0,1,0%,50
wifi dropping out,0,1,0%,50
wlan access rejected: incorrect security,0,1,0%,50
192.168 1.1,0,1,0%,51
192.166 0.1,0,1,0%,52
http://192.168.1.1,0,1,0%,52
mt wr950n login,0,1,0%,52
rtk 11n ap username and password,0,1,0%,52
192.168.0..201,0,1,0%,53
another computer on this network has the same ip address,0,1,0%,54
https:// 192.168.1.1,0,1,0%,54
port not opening after forwarding,0,1,0%,54
192.168.1231,0,1,0%,55
conflict ip,0,1,0%,55
http zrlogin cn,0,1,0%,55
www 192.168 1.1,0,1,0%,55
192.168 2.2,0,1,0%,56
192.168 77.1,0,1,0%,56
192.168 ll huawei router,0,1,0%,56
port is closed after port forwarding,0,1,0%,56
router login page cannot be displayed,0,1,0%,56
192.163,0,1,0%,57
192.168.0 q,0,1,0%,57
hg8245 login,0,1,0%,57
vpi vci settings,0,1,0%,57
wmm no-acknowledgement,0,1,0%,57
20.0 0.1 pause time,0,1,0%,58
ip address 192.168 0.1,0,1,0%,58
group key rotation interval,0,1,0%,59
ip adres experiabox v9,0,1,0%,59
what is ip conflict,0,1,0%,59
wifi protected setup pbc method,0,1,0%,59
10.5 50.1 pause time,0,1,0%,60
air4920.local,0,1,0%,60
brcm test ssid,0,1,0%,60
medialink router setup,0,1,0%,60
playstation dns server,0,1,0%,60
upc router login,0,1,0%,60
192.168 255,0,1,0%,61
best dns ever,0,1,0%,61
enable wmm no-acknowledgement,0,1,0%,61
fabricante mac address,0,1,0%,61
fast dns,0,1,0%,61
10.0 0.0 2 admin,0,1,0%,62
192.168 1.1 login,0,1,0%,62
dns tracking router,0,1,0%,62
manufacturer mac address,0,1,0%,62
whois mac address,0,1,0%,62
rtl8186 default password,0,1,0%,63
speed test packet loss,0,1,0%,63
192.168..0.1,0,1,0%,64
192.168.1.1,0,1,0%,64
find mac address vendor,0,1,0%,64
ieee 802.11: disassociated,0,1,0%,64
ip address clash,0,1,0%,64
router support,0,1,0%,64
dns faster,0,1,0%,65
http 192.168 o 0.1,0,1,0%,65
ping 10.1.1.1,0,1,0%,65
what is an ip conflict,0,1,0%,65
192.165,0,1,0%,66
192.168 1.1 login admin,0,1,0%,66
fastest dns settings,0,1,0%,66
id mac address,0,1,0%,66
mac address checker,0,1,0%,66
packet loss test ethernet,0,1,0%,66
router dns issues,0,1,0%,66
wifi password generator,0,1,0%,66
10.0 0.25 admin,0,1,0%,67
dsldevice-lan,0,1,0%,67
router network,0,1,0%,67
vendor id mac,0,1,0%,67
dns alternatives,0,1,0%,68
intellinet router ip address,0,1,0%,68
mac oui search,0,1,0%,68
problemen met dns,0,1,0%,68
wifi password creator,0,1,0%,68
arc_wlsta_monitor,0,1,0%,69
check ip conflict,0,1,0%,69
internet speed dns,0,1,0%,69
mac address whois,0,1,0%,69
manufacturer by mac address,0,1,0%,69
royal cable ip address,0,1,0%,69
xbox.com/xboxone/doublenat,0,1,0%,69
192.168 90.1,0,1,0%,70
https //tplinkwifi.net,0,1,0%,70
internet packet drop test,0,1,0%,70
mac address check,0,1,0%,70
packet loss testy,0,1,0%,70
what is ip address conflict,0,1,0%,70
why is port forwarding not working,0,1,0%,70
packet loss teset,0,1,0%,71
packet losstest,0,1,0%,71
192.1683 0.1,0,1,0%,72
dns wifi speed,0,1,0%,72
how to fix dns server not responding,0,1,0%,72
ip conflict detection,0,1,0%,72
packet loss tracker,0,1,0%,72
router dns problem,0,1,0%,72
find mac address,0,1,0%,73
speedtouch ip address,0,1,0%,73
best dns settings,0,1,0%,74
dns speed internet,0,1,0%,74
dovado default password,0,1,0%,74
how to fix an ip address conflict,0,1,0%,74
https 192 168.1 1,0,1,0%,74
icotera i5800 login,0,1,0%,74
net router login,0,1,0%,74
packet loss tst,0,1,0%,74
port forwarding connection timed out,0,1,0%,74
subnet mask to cidr calculator,0,1,0%,74
what is an ip address conflict,0,1,0%,74
wifi verbose logging means,0,1,0%,74
wireless network keeps disconnecting,0,1,0%,74
better dns servers,0,1,0%,75
check network packet loss,0,1,0%,75
i cannot access my router ip address,0,1,0%,75
mac address identifier,0,1,0%,75
modem login address,0,1,0%,75
voorkeur dns server,0,1,0%,75
192.168 9.2 edimax setup,0,1,0%,76
dns not working,0,1,0%,76
good dns servers to use,0,1,0%,76
ip conflict with another,0,1,0%,76
ip do modem gvt,0,1,0%,76
ip modem gvt,0,1,0%,76
perdida de paquetes test,0,1,0%,76
router configuration,0,1,0%,76
router web page,0,1,0%,76
test packet loss online,0,1,0%,76
wifi ping test,0,1,0%,76
adhoc 11n,0,1,0%,77
check packet loss online,0,1,0%,77
generate wifi password,0,1,0%,77
how to fix ip address conflict,0,1,0%,77
ip address conflict windows 7,0,1,0%,77
search with mac address,0,1,0%,77
test packet loss cmd,0,1,0%,77
wifi router page,0,1,0%,77
dns server herstellen,0,1,0%,78
dns servers best,0,1,0%,78
ip address conflict windows 10,0,1,0%,78
mac address info,0,1,0%,78
router settings,0,1,0%,78
router site,0,1,0%,78
top dns providers,0,1,0%,78
192.160,0,1,0%,79
192.168 0.1112,0,1,0%,79
192.168.1.1..8000,0,1,0%,79
best dns for pc,0,1,0%,79
dsldevice lan,0,1,0%,79
dsldevice.lan,0,1,0%,79
fastest dns gaming,0,1,0%,79
good dns servers,0,1,0%,79
packet lost test,0,1,0%,79
rtl8186 default,0,1,0%,79
what is the fastest dns,0,1,0%,79
best dns server in my area,0,1,0%,80
identify device by mac address online,0,1,0%,80
most reliable dns,0,1,0%,80
popular dns,0,1,0%,80
router ping,0,1,0%,80
speed dns,0,1,0%,80
subnet calculator,0,1,0%,80
192.168 10.256,0,1,0%,81
dns best,0,1,0%,81
login to router,0,1,0%,81
packet loss speed test,0,1,0%,81
test dropped packets,0,1,0%,81
test my ping,0,1,0%,81
checking packet loss,0,1,0%,82
data packet loss test,0,1,0%,82
my wifi router,0,1,0%,82
network subnetting calculator,0,1,0%,82
packet burst test,0,1,0%,82
preamble type short or long,0,1,0%,82
router login in,0,1,0%,82
access to router,0,1,0%,83
dns top,0,1,0%,83
net jitter test,0,1,0%,83
ping checker,0,1,0%,83
test internet latency,0,1,0%,83
top rated dns servers,0,1,0%,83
best dns servers in my area,0,1,0%,84
fast dns servers near me,0,1,0%,84
fastest dns for gaming,0,1,0%,84
fastest dns server,0,1,0%,84
how to speed up internet dns,0,1,0%,84
identify mac address,0,1,0%,84
mac address device identifier,0,1,0%,84
mac adress lookup,0,1,0%,84
packet loss check online,0,1,0%,84
subnet calculator mask,0,1,0%,84
dns server failure,0,1,0%,85
find my external ip,0,1,0%,85
internet delay test,0,1,0%,85
lookup dns,0,1,0%,85
recommended dns servers,0,1,0%,85
subnet ip,0,1,0%,85
wow dns servers,0,1,0%,85
192 168 8880 guest default,0,1,0%,86
20.0 0.1 captive portal,0,1,0%,86
dns nearest server,0,1,0%,86
can't reach default gateway,0,1,0%,87
find the mac address,0,1,0%,87
mac address lookup vendor,0,1,0%,87
routernetwork,0,1,0%,87
routing calculator,0,1,0%,87
beste dns,0,1,0%,88
dns lookup for domain,0,1,0%,88
find my router,0,1,0%,88
mac lookup vendor,0,1,0%,88
packet loss cmd,0,1,0%,88
my ip address of router,0,1,0%,89
network connection status inspect (ncsi) fail,0,1,0%,89
packet loss monitor,0,1,0%,89
routerslogin,0,1,0%,89
проверка портов онлайн,0,1,0%,89
access my router,0,1,0%,90
how to fix the dns,0,1,0%,90
mac address finder,0,1,0%,90
network port checker,0,1,0%,90
packet loss test tool,0,1,0%,90
routerlogin ip,0,1,0%,90
192.168.152,0,1,0%,91
calculator for subnet mask,0,1,0%,91
check my router,0,1,0%,91
checker dns,0,1,0%,91
192.168.5050,0,1,0%,92
subnetting ip address calculator,0,1,0%,92
network packet drops,0,1,0%,93
subnetting mask calculator,0,1,0%,93
best nameservers,0,1,0%,94
mask ip calculator,0,1,0%,94
ping ip test,0,1,0%,94
speed test jitter,0,1,0%,94
ip range calculator subnet mask,0,1,0%,95
192.168 1.300,0,1,0%,96
fast dns servers for gaming,0,1,0%,96
ip subnet,0,1,0%,96
packet loss blue protocol,0,1,0%,96
best primary dns and secondary dns,0,1,0%,97
dns server not responding,0,1,0%,97
dns server werkt niet,0,1,0%,97
how to check packet loss on pc,0,1,0%,97
dynex default ip,0,1,0%,98
dns domain lookup,0,1,0%,99
dns test online,0,1,0%,99
subnet mask online,0,1,0%,99
check open ports,0,1,0%,100
how to check internet packet loss,0,1,0%,100
how to fix dns problems,0,1,0%,100
ports test,0,1,0%,100